,#users,MaxMinFair,UniformRandom,UniformRandomGroupFair
0,0.0,0.4525060472344241,0.4525060472344241,0.4525060472344241
1,10000.0,0.4525060472344241,0.5094851444614603,0.5926403734517761
2,20000.0,0.4525060472344241,0.6182412464096582,0.6226387793268306
3,30000.0,0.4525060472344241,0.6413249727308634,0.6413249727308634
